motif_id	motif_alt_id	sequence_name	start	stop	strand	score	p-value	q-value	matched_sequence
MA0527.1	MA0527.1.ZBTB33	OTUD7B_CGAGAG	12	26	-	19.7424	4.26e-08	0.0349	CTCTCGCGGGATCTG
MA0696.1	MA0696.1.ZIC1	VAV1_CGGGGG	16	29	-	21.2553	5.9e-08	0.0454	CGCCCCCCGCTGTG
MA0751.1	MA0751.1.ZIC4	OTUD7B_ACCCCC	20	34	+	19.5962	6.69e-08	0.06	GACCCCCTGCGGAGC
MA1631.1	MA1631.1.ASCL1	OTUD7B_GGCAGG	19	31	-	17.4309	7.42e-08	0.0123	CCGCACCTGCCCG
MA0048.1	MA0048.1.NHLH1	OTUD7B_CGCAGC	20	31	-	19.0976	8.23e-08	0.00239	CCGCAGCTGCGC
MA1646.1	MA1646.1.OSR2	VAV1_AAGCCG	15	26	+	15.4894	8.41e-08	0.0894	CCACAGAAGCCG
MA1584.1	MA1584.1.ZIC5	OTUD7B_ACCCCC	19	34	+	20.6939	8.62e-08	0.0669	CGACCCCCTGCGGAGC
MA0527.1	MA0527.1.ZBTB33	OTUD7B_CGAGAA	12	26	-	19.2576	9.31e-08	0.0381	TTCTCGCGGGATCTG
MA0830.2	MA0830.2.TCF4	OTUD7B_GGCAGG	19	31	-	16.935	9.4e-08	0.0188	CCGCACCTGCCCG
MA0697.1	MA0697.1.ZIC3	OTUD7B_ACCCCC	20	34	+	20.3143	9.71e-08	0.0804	GACCCCCTGCGGAGC
MA1971.1	MA1971.1.ZBED2	OTUD7B_GTTTCG	17	30	-	16.0092	9.96e-08	0.0891	CGCACGAAACCGGG
MA0751.2	MA0751.2.ZIC4	VAV1_CGGGGG	16	29	-	19.1346	1.06e-07	0.0547	CGCCCCCCGCTGTG
MA0496.3	MA0496.3.MAFK	IL2RA_TCAGCA	14	28	+	18.6242	1.06e-07	0.0758	TCCTGACTCAGCATC
MA0522.3	MA0522.3.TCF3	OTUD7B_GGCAGG	20	30	-	15.2908	1.13e-07	0.0115	CGCACCTGCCC
MA0751.2	MA0751.2.ZIC4	OTUD7B_ACCCCC	20	33	+	19	1.22e-07	0.0547	GACCCCCTGCGGAG
MA1108.1	MA1108.1.MXI1	OTUD7B_ACCACG	19	31	+	16.8687	1.25e-07	0.0779	CGACCACGTGCGG
MA1100.1	MA1100.1.ASCL1	VAV1_CAGCTG	17	29	+	17.8991	1.25e-07	0.0025	ACAGCAGCTGGCG
MA1584.2	MA1584.2.ZIC5	OTUD7B_ACCCCC	20	34	+	20.2128	1.27e-07	0.101	GACCCCCTGCGGAGC
MA0696.1	MA0696.1.ZIC1	VAV1_CAGGGG	16	29	-	20.1277	1.33e-07	0.0454	CGCCCCCTGCTGTG
MA0748.2	MA0748.2.YY2	VAV1_ATGGCG	19	29	+	16.6667	1.38e-07	0.108	AGATGGCGGCG
MA0048.1	MA0048.1.NHLH1	OTUD7B_CGCAGC	20	31	+	18.9756	1.39e-07	0.00239	GCGCAGCTGCGG
MA0527.1	MA0527.1.ZBTB33	OTUD7B_CGAGAC	12	26	-	18.9394	1.4e-07	0.0382	GTCTCGCGGGATCTG
MA0638.2	MA0638.2.CREB3	IL2RA_ACGTCA	17	28	+	18.9242	1.4e-07	0.161	TGACACGTCATC
MA0062.3	MA0062.3.GABPA	VAV1_GAAGTG	15	28	-	17.7929	1.43e-07	0.138	GCCACTTCCTGTGG
MA0751.1	MA0751.1.ZIC4	OTUD7B_GCCCCC	20	34	+	18.9231	1.43e-07	0.0642	GGCCCCCTGCGGAGC
MA1483.2	MA1483.2.ELF2	OTUD7B_GAAGTA	15	26	+	17.5857	1.59e-07	0.143	ATCCCGGAAGTA
MA0696.1	MA0696.1.ZIC1	OTUD7B_ACCCCC	20	33	+	19.8085	1.65e-07	0.0454	GACCCCCTGCGGAG
MA0490.1	MA0490.1.JUNB	CD28_GGTGAC	20	30	+	16.5102	1.68e-07	0.198	GGGTGACTCAG
MA0814.2	MA0814.2.TFAP2C	VAV1_CCTGAG	18	31	+	17.7805	1.69e-07	0.0998	CAGCCTGAGGCGAG
MA0597.2	MA0597.2.THAP1	OTUD7B_CTGCCC	20	31	-	17.3535	1.79e-07	0.000101	CCGCAGGGCAGC
MA1596.1	MA1596.1.ZNF460	OTUD7B_GGAGGC	17	32	-	19.1011	1.84e-07	0.0579	TCCGCAGCCTCCCGGG
MA0496.3	MA0496.3.MAFK	CD28_GCTGAG	18	32	-	18.2303	1.88e-07	0.0758	TCCTGACTCAGCCGA
MA0475.1	MA0475.1.FLI1	VAV1_GAAGTG	17	27	+	17.6364	2.05e-07	0.224	ACAGGAAGTGG
MA1712.1	MA1712.1.ZNF454	OTUD7B_GAGCCT	9	26	-	18.9268	2.08e-07	0.0765	AGGCTCCGGGATCTGGAG
MA0761.2	MA0761.2.ETV1	VAV1_GAAGTG	15	28	+	17.3333	2.12e-07	0.207	CCACAGGAAGTGGC
MA1108.1	MA1108.1.MXI1	OTUD7B_GCCACG	19	31	+	16.6364	2.23e-07	0.0779	CGGCCACGTGCGG
MA1646.1	MA1646.1.OSR2	VAV1_AAGCAG	15	26	+	15.2411	2.24e-07	0.119	CCACAGAAGCAG
MA0736.1	MA0736.1.GLIS2	OTUD7B_ACCCCC	20	33	+	19.2623	2.27e-07	0.206	GACCCCCTGCGGAG
MA0496.3	MA0496.3.MAFK	IL2RA_TCAGCC	14	28	+	18.097	2.3e-07	0.0758	TCCTGACTCAGCCTC
MA0499.2	MA0499.2.MYOD1	OTUD7B_GACAGG	19	31	-	16.8618	2.48e-07	0.00302	CCGCACCTGTCCG
MA0751.2	MA0751.2.ZIC4	OTUD7B_GCCCCC	20	33	+	18.3269	2.53e-07	0.0759	GGCCCCCTGCGGAG
MA1483.2	MA1483.2.ELF2	OTUD7B_GAAGTG	15	26	+	17.4429	2.73e-07	0.143	ATCCCGGAAGTG
MA0871.2	MA0871.2.TFEC	OTUD7B_GTCACG	20	30	-	17.5769	2.76e-07	0.288	CGCACGTGACC
MA1466.2	MA1466.2.ATF6	IL2RA_GTGGCA	14	26	+	19.2787	2.87e-07	0.302	TCCTGACGTGGCA
MA0697.1	MA0697.1.ZIC3	VAV1_CGGGGG	15	29	-	18.8429	2.91e-07	0.0872	CGCCCCCCGCTGTGG
MA1102.1	MA1102.1.CTCFL	VAV1_GGGGCG	15	28	+	18.3415	3.09e-07	0.107	CCACAGGGGGCGGC
MA0638.1	MA0638.1.CREB3	IL2RA_ACGTCA	16	29	+	18.5571	3.11e-07	0.336	CTGACACGTCATCC
MA0751.1	MA0751.1.ZIC4	VAV1_GGGGTC	12	26	-	18.1538	3.11e-07	0.0668	GACCCCCTGTGGAGC
MA1584.1	MA1584.1.ZIC5	VAV1_GGGGTC	12	27	-	18.6735	3.23e-07	0.0968	CGACCCCCTGTGGAGC
MA0697.1	MA0697.1.ZIC3	OTUD7B_GCCCCC	20	34	+	18.6857	3.28e-07	0.0872	GGCCCCCTGCGGAGC
MA1466.1	MA1466.1.ATF6	IL2RA_GTGGCA	14	27	+	19.0492	3.35e-07	0.262	TCCTGACGTGGCAT
MA1101.1	MA1101.1.BACH2	IL2RA_TCAGCA	15	28	+	18.5285	3.35e-07	0.296	CCTGACTCAGCATC
MA1712.2	MA1712.2.ZNF454	OTUD7B_GAGCCA	9	25	-	18.3171	3.38e-07	0.0461	GGCTCCGGGATCTGGAG
MA1712.2	MA1712.2.ZNF454	OTUD7B_GAGCCC	9	25	-	18.3171	3.38e-07	0.0461	GGCTCCGGGATCTGGAG
MA1712.2	MA1712.2.ZNF454	OTUD7B_GAGCCT	9	25	-	18.3171	3.38e-07	0.0461	GGCTCCGGGATCTGGAG
MA1712.2	MA1712.2.ZNF454	OTUD7B_GAGCCG	9	25	-	18.3171	3.38e-07	0.0461	GGCTCCGGGATCTGGAG
MA0839.1	MA0839.1.CREB3L1	IL2RA_GTGGCA	14	27	-	18.7424	3.38e-07	0.328	ATGCCACGTCAGGA
MA2328.1	MA2328.1.ZBED4	OTUD7B_CCCCGC	17	26	+	18.539	3.39e-07	0.0147	CCCGCCCCGC
MA0522.3	MA0522.3.TCF3	OTUD7B_CGCAGG	20	30	-	15.1702	3.4e-07	0.0115	CGCACCTGCGC
MA1648.1	MA1648.1.TCF12	OTUD7B_GGCAGG	20	30	-	14.922	3.4e-07	0.00929	CGCACCTGCCC
MA0103.3	MA0103.3.ZEB1	OTUD7B_CGCAGG	20	30	-	15.2653	3.4e-07	0.0553	CGCACCTGCGC
MA1102.1	MA1102.1.CTCFL	VAV1_GGGGCA	15	28	+	18.1789	3.62e-07	0.107	CCACAGGGGGCAGC
MA1712.1	MA1712.1.ZNF454	OTUD7B_GAGCCC	9	26	-	18.2358	3.63e-07	0.0765	GGGCTCCGGGATCTGGAG
MA0751.1	MA0751.1.ZIC4	OTUD7B_CCCCCC	20	34	+	18	3.66e-07	0.0668	GCCCCCCTGCGGAGC
MA0751.1	MA0751.1.ZIC4	VAV1_CGGGGG	15	29	-	17.9808	3.73e-07	0.0668	CGCCCCCCGCTGTGG
MA0641.1	MA0641.1.ELF4	OTUD7B_GAAGTG	15	26	+	18.6721	3.73e-07	0.318	ATCCCGGAAGTG
MA0844.2	MA0844.2.XBP1	IL2RA_ACGTCA	18	28	+	18.7308	3.73e-07	0.363	GACACGTCATC
MA0478.1	MA0478.1.FOSL2	CD28_GATGAC	20	30	+	16.7455	3.73e-07	0.216	GGATGACTCAG
MA0478.1	MA0478.1.FOSL2	CD28_GGTGAC	20	30	+	16.7455	3.73e-07	0.216	GGGTGACTCAG
MA0696.1	MA0696.1.ZIC1	OTUD7B_GCCCCC	20	33	+	18.4681	3.74e-07	0.0771	GGCCCCCTGCGGAG
MA1108.1	MA1108.1.MXI1	OTUD7B_CCCACG	19	31	+	16.4141	3.8e-07	0.0885	CGCCCACGTGCGG
MA0502.1	MA0502.1.NFYB	CD28_GGCCAA	16	30	+	17.6731	3.83e-07	0.158	CATCGGGCCAATCAG
MA0597.2	MA0597.2.THAP1	OTUD7B_GTGCCC	20	31	-	16.6667	3.84e-07	0.000101	CCGCAGGGCACC
MA0502.1	MA0502.1.NFYB	CD28_GACCAA	16	30	+	17.6538	3.93e-07	0.158	CATCGGACCAATCAG
MA0510.1	MA0510.1.RFX5	VAV1_CAACAG	13	27	+	17.5091	3.99e-07	0.379	CTCCACAGCAACAGG
MA1713.2	MA1713.2.ZNF610	IL2RA_CGCCGC	20	29	+	18.6735	4.13e-07	0.0223	CCGCCGCTCC
MA0697.1	MA0697.1.ZIC3	OTUD7B_CCCCCC	20	34	+	18.2571	4.22e-07	0.0872	GCCCCCCTGCGGAGC
MA1584.1	MA1584.1.ZIC5	OTUD7B_GCCCCC	19	34	+	18.1837	4.29e-07	0.0968	CGGCCCCCTGCGGAGC
MA1633.1	MA1633.1.BACH1	IL2RA_TCAGCA	15	27	+	18.2114	4.34e-07	0.375	CCTGACTCAGCAT
MA0751.2	MA0751.2.ZIC4	VAV1_CAGGGG	16	29	-	17.8077	4.4e-07	0.0917	CGCCCCCTGCTGTG
MA1584.2	MA1584.2.ZIC5	VAV1_GGGGTC	12	26	-	18.1702	4.41e-07	0.124	GACCCCCTGTGGAGC
MA0147.3	MA0147.3.MYC	OTUD7B_GCCACG	20	31	+	16.3252	4.43e-07	0.232	GGCCACGTGCGG
MA0812.1	MA0812.1.TFAP2B	VAV1_CCTCAG	19	29	+	16.7455	4.44e-07	0.356	AGCCTCAGGCG
MA1712.1	MA1712.1.ZNF454	OTUD7B_GAGCCA	9	26	-	17.9512	4.53e-07	0.0765	TGGCTCCGGGATCTGGAG
MA0103.3	MA0103.3.ZEB1	OTUD7B_GGCAGG	20	30	-	15.1633	4.54e-07	0.0553	CGCACCTGCCC
MA0839.2	MA0839.2.CREB3L1	IL2RA_GTGGCA	14	26	-	18.3115	4.67e-07	0.469	TGCCACGTCAGGA
MA0527.1	MA0527.1.ZBTB33	OTUD7B_CGAGAT	12	26	-	17.8182	4.74e-07	0.0969	ATCTCGCGGGATCTG
MA0473.2	MA0473.2.ELF1	OTUD7B_GAAGTG	15	26	+	18.2364	4.75e-07	0.415	ATCCCGGAAGTG
MA0039.4	MA0039.4.KLF4	VAV1_GGTGGG	18	29	-	16.6909	4.79e-07	0.42	CGCCCCACCCTG
MA1972.1	MA1972.1.ZFP14	VAV1_CCTCCC	11	25	-	17.9438	4.83e-07	0.113	GGAGGCTGTGGAGCG
MA1972.1	MA1972.1.ZFP14	VAV1_CCTCCT	11	25	-	17.9438	4.83e-07	0.113	GGAGGCTGTGGAGCG
MA1972.1	MA1972.1.ZFP14	VAV1_CCTCCA	11	25	-	17.9438	4.83e-07	0.113	GGAGGCTGTGGAGCG
MA1972.1	MA1972.1.ZFP14	VAV1_CCTCCG	11	25	-	17.9438	4.83e-07	0.113	GGAGGCTGTGGAGCG
MA0156.3	MA0156.3.FEV	IL2RA_TTCCGG	17	28	-	17.7755	4.85e-07	0.307	GACCGGAAGTCA
MA1466.1	MA1466.1.ATF6	IL2RA_ACGTCA	16	29	-	18.4262	4.95e-07	0.262	GGATGACGTGTCAG
MA1712.1	MA1712.1.ZNF454	OTUD7B_GAGCCG	9	26	-	17.8293	4.97e-07	0.0765	CGGCTCCGGGATCTGGAG
MA1584.1	MA1584.1.ZIC5	OTUD7B_CCCCCC	19	34	+	17.9184	4.99e-07	0.0968	CGCCCCCCTGCGGAGC
MA1933.1	MA1933.1.ELK1::SREBF2	IL2RA_GCCACT	17	32	-	17.8065	5e-07	0.13	ATCGGAAGTGGCGTCA
MA1635.1	MA1635.1.BHLHE22	OTUD7B_CGCAGC	21	30	+	14.8163	5.03e-07	0.00405	CGCAGCTGCG
MA1635.1	MA1635.1.BHLHE22	OTUD7B_CGCAGC	21	30	-	14.8163	5.03e-07	0.00405	CGCAGCTGCG
MA1560.1	MA1560.1.SOHLH2	OTUD7B_CGCACG	21	30	+	16.1935	5.03e-07	0.284	CGCACGTGCG
MA1560.1	MA1560.1.SOHLH2	OTUD7B_CGCACG	21	30	-	16.1935	5.03e-07	0.284	CGCACGTGCG
MA1558.1	MA1558.1.SNAI1	VAV1_GCAGGT	20	29	+	15.0816	5.03e-07	0.298	GGCAGGTGCG
MA1558.1	MA1558.1.SNAI1	OTUD7B_GGCAGG	21	30	+	15.0816	5.03e-07	0.298	GGCAGGTGCG
MA0830.1	MA0830.1.TCF4	OTUD7B_CGCACC	21	30	+	14.7347	5.03e-07	0.0201	CGCACCTGCG
MA0830.1	MA0830.1.TCF4	OTUD7B_CGCAGG	21	30	-	14.7347	5.03e-07	0.0201	CGCACCTGCG
MA0048.2	MA0048.2.NHLH1	OTUD7B_CGCAGC	21	30	+	17.9655	5.03e-07	0.00152	CGCAGCTGCG
MA0048.2	MA0048.2.NHLH1	OTUD7B_CGCAGC	21	30	-	17.9655	5.03e-07	0.00152	CGCAGCTGCG
MA1933.1	MA1933.1.ELK1::SREBF2	IL2RA_GCGACT	17	32	-	17.7742	5.11e-07	0.13	ATCGGAAGTCGCGTCA
MA1646.1	MA1646.1.OSR2	VAV1_AAGCTG	15	26	+	15.0709	5.22e-07	0.185	CCACAGAAGCTG
MA0751.2	MA0751.2.ZIC4	VAV1_GGGGTC	13	26	-	17.5577	5.3e-07	0.0917	GACCCCCTGTGGAG
MA0048.1	MA0048.1.NHLH1	OTUD7B_AGCAGC	20	31	-	17.5122	5.34e-07	0.00239	CCGCAGCTGCTC
MA0799.2	MA0799.2.RFX4	OTUD7B_TACCGT	23	39	-	17.2131	5.36e-07	0.00473	CTGTTGCTCCGCAACGG
MA0799.2	MA0799.2.RFX4	OTUD7B_TCCCGT	23	39	-	17.2131	5.36e-07	0.00473	CTGTTGCTCCGCAACGG
MA0799.2	MA0799.2.RFX4	OTUD7B_CCCCGT	23	39	-	17.2131	5.36e-07	0.00473	CTGTTGCTCCGCAACGG
MA0799.2	MA0799.2.RFX4	OTUD7B_AGCCGT	23	39	-	17.2131	5.36e-07	0.00473	CTGTTGCTCCGCAACGG
MA0799.2	MA0799.2.RFX4	OTUD7B_CGCCGT	23	39	-	17.2131	5.36e-07	0.00473	CTGTTGCTCCGCAACGG
MA0799.2	MA0799.2.RFX4	OTUD7B_CTCCGT	23	39	-	17.2131	5.36e-07	0.00473	CTGTTGCTCCGCAACGG
MA0799.2	MA0799.2.RFX4	OTUD7B_GTCCGT	23	39	-	17.2131	5.36e-07	0.00473	CTGTTGCTCCGCAACGG
MA0799.2	MA0799.2.RFX4	OTUD7B_TTCCGT	23	39	-	17.2131	5.36e-07	0.00473	CTGTTGCTCCGCAACGG
MA0799.2	MA0799.2.RFX4	OTUD7B_CACCGT	23	39	-	17.2131	5.36e-07	0.00473	CTGTTGCTCCGCAACGG
MA0799.2	MA0799.2.RFX4	OTUD7B_ATCCGT	23	39	-	17.2131	5.36e-07	0.00473	CTGTTGCTCCGCAACGG
MA0799.2	MA0799.2.RFX4	OTUD7B_GGCCGT	23	39	-	17.2131	5.36e-07	0.00473	CTGTTGCTCCGCAACGG
MA0799.2	MA0799.2.RFX4	OTUD7B_GACCGT	23	39	-	17.2131	5.36e-07	0.00473	CTGTTGCTCCGCAACGG
MA0799.2	MA0799.2.RFX4	OTUD7B_TGCCGT	23	39	-	17.2131	5.36e-07	0.00473	CTGTTGCTCCGCAACGG
MA0799.2	MA0799.2.RFX4	OTUD7B_ACCCGT	23	39	-	17.2131	5.36e-07	0.00473	CTGTTGCTCCGCAACGG
MA0799.2	MA0799.2.RFX4	OTUD7B_AACCGT	23	39	-	17.2131	5.36e-07	0.00473	CTGTTGCTCCGCAACGG
MA0799.2	MA0799.2.RFX4	OTUD7B_GCCCGT	23	39	-	17.2131	5.36e-07	0.00473	CTGTTGCTCCGCAACGG
MA1719.2	MA1719.2.ZNF816	OTUD7B_GGGACA	19	33	+	17.9174	5.38e-07	0.461	CGGGGACATGCGGAG
MA0475.1	MA0475.1.FLI1	VAV1_GAAGCG	17	27	+	16.7273	5.41e-07	0.296	ACAGGAAGCGG
MA0018.1	MA0018.1.CREB1	CD28_ACGTCA	20	31	-	15.8469	5.47e-07	0.51	CCTGATGACGTC
MA0003.3	MA0003.3.TFAP2A	VAV1_CCTGAG	19	29	-	16.0727	5.58e-07	0.275	CGCCTCAGGCT
MA0147.3	MA0147.3.MYC	VAV1_CACGTG	18	29	-	16.1951	5.62e-07	0.232	CGCCACGTGCTG
MA1102.1	MA1102.1.CTCFL	VAV1_CAGGGG	18	31	+	17.7154	5.63e-07	0.111	CAGCAGGGGGCGAG
MA0799.2	MA0799.2.RFX4	OTUD7B_CCCCGT	23	39	+	17.1148	5.64e-07	0.00473	CCGTTGCGGAGCAACAG
MA0799.2	MA0799.2.RFX4	OTUD7B_CTCCGT	23	39	+	17.1148	5.64e-07	0.00473	CCGTTGCGGAGCAACAG
MA0799.2	MA0799.2.RFX4	OTUD7B_GGCCGT	23	39	+	17.1148	5.64e-07	0.00473	CCGTTGCGGAGCAACAG
MA0799.2	MA0799.2.RFX4	OTUD7B_ATCCGT	23	39	+	17.1148	5.64e-07	0.00473	CCGTTGCGGAGCAACAG
MA0799.2	MA0799.2.RFX4	OTUD7B_TGCCGT	23	39	+	17.1148	5.64e-07	0.00473	CCGTTGCGGAGCAACAG
MA0799.2	MA0799.2.RFX4	OTUD7B_ACCCGT	23	39	+	17.1148	5.64e-07	0.00473	CCGTTGCGGAGCAACAG
MA0799.2	MA0799.2.RFX4	OTUD7B_TCCCGT	23	39	+	17.1148	5.64e-07	0.00473	CCGTTGCGGAGCAACAG
MA0799.2	MA0799.2.RFX4	OTUD7B_TACCGT	23	39	+	17.1148	5.64e-07	0.00473	CCGTTGCGGAGCAACAG
MA0799.2	MA0799.2.RFX4	OTUD7B_CACCGT	23	39	+	17.1148	5.64e-07	0.00473	CCGTTGCGGAGCAACAG
MA0799.2	MA0799.2.RFX4	OTUD7B_AACCGT	23	39	+	17.1148	5.64e-07	0.00473	CCGTTGCGGAGCAACAG
MA0799.2	MA0799.2.RFX4	OTUD7B_TTCCGT	23	39	+	17.1148	5.64e-07	0.00473	CCGTTGCGGAGCAACAG
MA0799.2	MA0799.2.RFX4	OTUD7B_GTCCGT	23	39	+	17.1148	5.64e-07	0.00473	CCGTTGCGGAGCAACAG
MA0799.2	MA0799.2.RFX4	OTUD7B_GACCGT	23	39	+	17.1148	5.64e-07	0.00473	CCGTTGCGGAGCAACAG
MA0799.2	MA0799.2.RFX4	OTUD7B_CGCCGT	23	39	+	17.1148	5.64e-07	0.00473	CCGTTGCGGAGCAACAG
MA0799.2	MA0799.2.RFX4	OTUD7B_GCCCGT	23	39	+	17.1148	5.64e-07	0.00473	CCGTTGCGGAGCAACAG
MA0799.2	MA0799.2.RFX4	OTUD7B_AGCCGT	23	39	+	17.1148	5.64e-07	0.00473	CCGTTGCGGAGCAACAG
MA0597.2	MA0597.2.THAP1	VAV1_WT	23	34	+	16.4242	5.65e-07	0.000101	GAGCAGGGCAGG
MA0597.2	MA0597.2.THAP1	VAV1_TGCAGC	29	40	+	16.4242	5.65e-07	0.000101	GAGCAGGGCAGG
MA0597.2	MA0597.2.THAP1	VAV1_TGCATG	29	40	+	16.4242	5.65e-07	0.000101	GAGCAGGGCAGG
MA0597.2	MA0597.2.THAP1	VAV1_CGTGAT	29	40	+	16.4242	5.65e-07	0.000101	GAGCAGGGCAGG
MA0597.2	MA0597.2.THAP1	VAV1_CGTGAC	29	40	+	16.4242	5.65e-07	0.000101	GAGCAGGGCAGG
MA0597.2	MA0597.2.THAP1	VAV1_CGTGAA	29	40	+	16.4242	5.65e-07	0.000101	GAGCAGGGCAGG
MA0597.2	MA0597.2.THAP1	VAV1_TGCCCA	29	40	+	16.4242	5.65e-07	0.000101	GAGCAGGGCAGG
MA0597.2	MA0597.2.THAP1	VAV1_CGTGAG	29	40	+	16.4242	5.65e-07	0.000101	GAGCAGGGCAGG
MA0597.2	MA0597.2.THAP1	VAV1_CGTGGC	29	40	+	16.4242	5.65e-07	0.000101	GAGCAGGGCAGG
MA0597.2	MA0597.2.THAP1	VAV1_TGCGAC	29	40	+	16.4242	5.65e-07	0.000101	GAGCAGGGCAGG
MA0597.2	MA0597.2.THAP1	VAV1_TGCCGT	29	40	+	16.4242	5.65e-07	0.000101	GAGCAGGGCAGG
MA0597.2	MA0597.2.THAP1	VAV1_TGCGCC	29	40	+	16.4242	5.65e-07	0.000101	GAGCAGGGCAGG
MA0597.2	MA0597.2.THAP1	VAV1_TGCGCA	29	40	+	16.4242	5.65e-07	0.000101	GAGCAGGGCAGG
MA0597.2	MA0597.2.THAP1	VAV1_TGGTGC	29	40	+	16.4242	5.65e-07	0.000101	GAGCAGGGCAGG
MA0597.2	MA0597.2.THAP1	VAV1_TGCAGG	29	40	+	16.4242	5.65e-07	0.000101	GAGCAGGGCAGG
MA0597.2	MA0597.2.THAP1	VAV1_TGCTAA	29	40	+	16.4242	5.65e-07	0.000101	GAGCAGGGCAGG
MA0597.2	MA0597.2.THAP1	VAV1_TGCCCG	29	40	+	16.4242	5.65e-07	0.000101	GAGCAGGGCAGG
MA0597.2	MA0597.2.THAP1	VAV1_TGGTAT	29	40	+	16.4242	5.65e-07	0.000101	GAGCAGGGCAGG
MA0597.2	MA0597.2.THAP1	VAV1_TGCTCT	29	40	+	16.4242	5.65e-07	0.000101	GAGCAGGGCAGG
MA0597.2	MA0597.2.THAP1	VAV1_TGCAGT	29	40	+	16.4242	5.65e-07	0.000101	GAGCAGGGCAGG
MA0597.2	MA0597.2.THAP1	VAV1_TGGCCT	29	40	+	16.4242	5.65e-07	0.000101	GAGCAGGGCAGG
MA0597.2	MA0597.2.THAP1	VAV1_TGGGTG	29	40	+	16.4242	5.65e-07	0.000101	GAGCAGGGCAGG
MA0597.2	MA0597.2.THAP1	VAV1_TGGATT	29	40	+	16.4242	5.65e-07	0.000101	GAGCAGGGCAGG
MA0597.2	MA0597.2.THAP1	VAV1_CTAACG	29	40	+	16.4242	5.65e-07	0.000101	GAGCAGGGCAGG
MA0597.2	MA0597.2.THAP1	VAV1_TGCGAG	29	40	+	16.4242	5.65e-07	0.000101	GAGCAGGGCAGG
MA0597.2	MA0597.2.THAP1	VAV1_TGGAAC	29	40	+	16.4242	5.65e-07	0.000101	GAGCAGGGCAGG
MA0597.2	MA0597.2.THAP1	VAV1_TGCGTC	29	40	+	16.4242	5.65e-07	0.000101	GAGCAGGGCAGG
MA0597.2	MA0597.2.THAP1	VAV1_TGGCGC	29	40	+	16.4242	5.65e-07	0.000101	GAGCAGGGCAGG
MA0597.2	MA0597.2.THAP1	VAV1_TGTCAA	29	40	+	16.4242	5.65e-07	0.000101	GAGCAGGGCAGG
MA0597.2	MA0597.2.THAP1	VAV1_TGTGGA	29	40	+	16.4242	5.65e-07	0.000101	GAGCAGGGCAGG
MA0597.2	MA0597.2.THAP1	VAV1_TGGCTT	29	40	+	16.4242	5.65e-07	0.000101	GAGCAGGGCAGG
MA0597.2	MA0597.2.THAP1	VAV1_CGTTTA	29	40	+	16.4242	5.65e-07	0.000101	GAGCAGGGCAGG
MA0597.2	MA0597.2.THAP1	VAV1_TGCCGC	29	40	+	16.4242	5.65e-07	0.000101	GAGCAGGGCAGG
MA0597.2	MA0597.2.THAP1	VAV1_TGCCAC	29	40	+	16.4242	5.65e-07	0.000101	GAGCAGGGCAGG
MA0597.2	MA0597.2.THAP1	VAV1_TTACGC	29	40	+	16.4242	5.65e-07	0.000101	GAGCAGGGCAGG
MA0597.2	MA0597.2.THAP1	VAV1_CTAGCT	29	40	+	16.4242	5.65e-07	0.000101	GAGCAGGGCAGG
MA0597.2	MA0597.2.THAP1	VAV1_TGCGGG	29	40	+	16.4242	5.65e-07	0.000101	GAGCAGGGCAGG
MA0597.2	MA0597.2.THAP1	VAV1_TTAACT	29	40	+	16.4242	5.65e-07	0.000101	GAGCAGGGCAGG
MA0597.2	MA0597.2.THAP1	VAV1_TGTGAC	29	40	+	16.4242	5.65e-07	0.000101	GAGCAGGGCAGG
MA0597.2	MA0597.2.THAP1	VAV1_TGTAGG	29	40	+	16.4242	5.65e-07	0.000101	GAGCAGGGCAGG
MA0597.2	MA0597.2.THAP1	VAV1_TTCGGC	29	40	+	16.4242	5.65e-07	0.000101	GAGCAGGGCAGG
MA0597.2	MA0597.2.THAP1	VAV1_TGTAAC	29	40	+	16.4242	5.65e-07	0.000101	GAGCAGGGCAGG
MA0597.2	MA0597.2.THAP1	VAV1_TGCATA	29	40	+	16.4242	5.65e-07	0.000101	GAGCAGGGCAGG
MA0597.2	MA0597.2.THAP1	VAV1_TGGTGG	29	40	+	16.4242	5.65e-07	0.000101	GAGCAGGGCAGG
MA0597.2	MA0597.2.THAP1	VAV1_TGTCAC	29	40	+	16.4242	5.65e-07	0.000101	GAGCAGGGCAGG
MA0597.2	MA0597.2.THAP1	VAV1_TGTAGT	29	40	+	16.4242	5.65e-07	0.000101	GAGCAGGGCAGG
MA0597.2	MA0597.2.THAP1	VAV1_TGTACT	29	40	+	16.4242	5.65e-07	0.000101	GAGCAGGGCAGG
MA0597.2	MA0597.2.THAP1	VAV1_TGGTGT	29	40	+	16.4242	5.65e-07	0.000101	GAGCAGGGCAGG
MA0597.2	MA0597.2.THAP1	VAV1_TGGCCA	29	40	+	16.4242	5.65e-07	0.000101	GAGCAGGGCAGG
MA0597.2	MA0597.2.THAP1	VAV1_TGTGAG	29	40	+	16.4242	5.65e-07	0.000101	GAGCAGGGCAGG
MA0597.2	MA0597.2.THAP1	VAV1_TGGGAC	29	40	+	16.4242	5.65e-07	0.000101	GAGCAGGGCAGG
MA0597.2	MA0597.2.THAP1	VAV1_CTAGTG	29	40	+	16.4242	5.65e-07	0.000101	GAGCAGGGCAGG
MA0597.2	MA0597.2.THAP1	VAV1_TGCGGT	29	40	+	16.4242	5.65e-07	0.000101	GAGCAGGGCAGG
MA0597.2	MA0597.2.THAP1	VAV1_TGCGCT	29	40	+	16.4242	5.65e-07	0.000101	GAGCAGGGCAGG
MA0597.2	MA0597.2.THAP1	VAV1_TGGCAT	29	40	+	16.4242	5.65e-07	0.000101	GAGCAGGGCAGG
MA0597.2	MA0597.2.THAP1	VAV1_TGGATG	29	40	+	16.4242	5.65e-07	0.000101	GAGCAGGGCAGG
MA0597.2	MA0597.2.THAP1	VAV1_TGGACC	29	40	+	16.4242	5.65e-07	0.000101	GAGCAGGGCAGG
MA0597.2	MA0597.2.THAP1	VAV1_TGGAGT	29	40	+	16.4242	5.65e-07	0.000101	GAGCAGGGCAGG
MA0597.2	MA0597.2.THAP1	VAV1_TGGGCC	29	40	+	16.4242	5.65e-07	0.000101	GAGCAGGGCAGG
MA0597.2	MA0597.2.THAP1	VAV1_TGGTTT	29	40	+	16.4242	5.65e-07	0.000101	GAGCAGGGCAGG
MA0597.2	MA0597.2.THAP1	VAV1_TGGCTG	29	40	+	16.4242	5.65e-07	0.000101	GAGCAGGGCAGG
MA0597.2	MA0597.2.THAP1	VAV1_TTGCGC	29	40	+	16.4242	5.65e-07	0.000101	GAGCAGGGCAGG
MA0597.2	MA0597.2.THAP1	VAV1_TTAGAT	29	40	+	16.4242	5.65e-07	0.000101	GAGCAGGGCAGG
MA0597.2	MA0597.2.THAP1	VAV1_TTACAA	29	40	+	16.4242	5.65e-07	0.000101	GAGCAGGGCAGG
MA0597.2	MA0597.2.THAP1	VAV1_TGGTCT	29	40	+	16.4242	5.65e-07	0.000101	GAGCAGGGCAGG
MA0597.2	MA0597.2.THAP1	VAV1_TGGGTA	29	40	+	16.4242	5.65e-07	0.000101	GAGCAGGGCAGG
MA0597.2	MA0597.2.THAP1	VAV1_TGTCTC	29	40	+	16.4242	5.65e-07	0.000101	GAGCAGGGCAGG
MA0597.2	MA0597.2.THAP1	VAV1_TGCTTG	29	40	+	16.4242	5.65e-07	0.000101	GAGCAGGGCAGG
MA0597.2	MA0597.2.THAP1	VAV1_TGCCTA	29	40	+	16.4242	5.65e-07	0.000101	GAGCAGGGCAGG
MA0597.2	MA0597.2.THAP1	VAV1_TGCCGG	29	40	+	16.4242	5.65e-07	0.000101	GAGCAGGGCAGG
MA0597.2	MA0597.2.THAP1	VAV1_TGCGAA	29	40	+	16.4242	5.65e-07	0.000101	GAGCAGGGCAGG
MA0597.2	MA0597.2.THAP1	VAV1_TGCCTC	29	40	+	16.4242	5.65e-07	0.000101	GAGCAGGGCAGG
MA0597.2	MA0597.2.THAP1	VAV1_TTTGGT	29	40	+	16.4242	5.65e-07	0.000101	GAGCAGGGCAGG
MA0597.2	MA0597.2.THAP1	VAV1_TTCCGG	29	40	+	16.4242	5.65e-07	0.000101	GAGCAGGGCAGG
MA0597.2	MA0597.2.THAP1	VAV1_TTCTGG	29	40	+	16.4242	5.65e-07	0.000101	GAGCAGGGCAGG
MA0597.2	MA0597.2.THAP1	VAV1_TGTTCA	29	40	+	16.4242	5.65e-07	0.000101	GAGCAGGGCAGG
MA0597.2	MA0597.2.THAP1	VAV1_TGTTCT	29	40	+	16.4242	5.65e-07	0.000101	GAGCAGGGCAGG
MA0597.2	MA0597.2.THAP1	VAV1_TGTCTA	29	40	+	16.4242	5.65e-07	0.000101	GAGCAGGGCAGG
MA0597.2	MA0597.2.THAP1	VAV1_TTAGAG	29	40	+	16.4242	5.65e-07	0.000101	GAGCAGGGCAGG
MA0597.2	MA0597.2.THAP1	VAV1_TTCGCG	29	40	+	16.4242	5.65e-07	0.000101	GAGCAGGGCAGG
MA0597.2	MA0597.2.THAP1	VAV1_TGTTAG	29	40	+	16.4242	5.65e-07	0.000101	GAGCAGGGCAGG
MA0597.2	MA0597.2.THAP1	VAV1_TTAGCT	29	40	+	16.4242	5.65e-07	0.000101	GAGCAGGGCAGG
MA0597.2	MA0597.2.THAP1	VAV1_TTGATC	29	40	+	16.4242	5.65e-07	0.000101	GAGCAGGGCAGG
MA0597.2	MA0597.2.THAP1	VAV1_GAAAAA	29	40	+	16.4242	5.65e-07	0.000101	GAGCAGGGCAGG
MA0597.2	MA0597.2.THAP1	VAV1_CTTAAG	29	40	+	16.4242	5.65e-07	0.000101	GAGCAGGGCAGG
MA0597.2	MA0597.2.THAP1	VAV1_ATGCAA	29	40	+	16.4242	5.65e-07	0.000101	GAGCAGGGCAGG
MA0597.2	MA0597.2.THAP1	VAV1_TGTGTT	29	40	+	16.4242	5.65e-07	0.000101	GAGCAGGGCAGG
MA0597.2	MA0597.2.THAP1	VAV1_TTTTCC	29	40	+	16.4242	5.65e-07	0.000101	GAGCAGGGCAGG
MA0597.2	MA0597.2.THAP1	VAV1_CGTGCT	29	40	+	16.4242	5.65e-07	0.000101	GAGCAGGGCAGG
MA0597.2	MA0597.2.THAP1	VAV1_TGCATC	29	40	+	16.4242	5.65e-07	0.000101	GAGCAGGGCAGG
MA0597.2	MA0597.2.THAP1	VAV1_TGTCCG	29	40	+	16.4242	5.65e-07	0.000101	GAGCAGGGCAGG
MA0597.2	MA0597.2.THAP1	VAV1_TGTAAA	29	40	+	16.4242	5.65e-07	0.000101	GAGCAGGGCAGG
MA0597.2	MA0597.2.THAP1	VAV1_TGTCCT	29	40	+	16.4242	5.65e-07	0.000101	GAGCAGGGCAGG
MA0597.2	MA0597.2.THAP1	VAV1_TTAGCC	29	40	+	16.4242	5.65e-07	0.000101	GAGCAGGGCAGG
MA0597.2	MA0597.2.THAP1	VAV1_TTCGTC	29	40	+	16.4242	5.65e-07	0.000101	GAGCAGGGCAGG
MA0597.2	MA0597.2.THAP1	VAV1_TGTCGA	29	40	+	16.4242	5.65e-07	0.000101	GAGCAGGGCAGG
MA0597.2	MA0597.2.THAP1	VAV1_TGTGTG	29	40	+	16.4242	5.65e-07	0.000101	GAGCAGGGCAGG
MA0597.2	MA0597.2.THAP1	VAV1_TTAAGT	29	40	+	16.4242	5.65e-07	0.000101	GAGCAGGGCAGG
MA0597.2	MA0597.2.THAP1	VAV1_TTGCGT	29	40	+	16.4242	5.65e-07	0.000101	GAGCAGGGCAGG
MA0597.2	MA0597.2.THAP1	VAV1_TGGTTC	29	40	+	16.4242	5.65e-07	0.000101	GAGCAGGGCAGG
MA0597.2	MA0597.2.THAP1	VAV1_TTCTGC	29	40	+	16.4242	5.65e-07	0.000101	GAGCAGGGCAGG
MA0597.2	MA0597.2.THAP1	VAV1_TTCTCG	29	40	+	16.4242	5.65e-07	0.000101	GAGCAGGGCAGG
MA0597.2	MA0597.2.THAP1	VAV1_TTTCAA	29	40	+	16.4242	5.65e-07	0.000101	GAGCAGGGCAGG
MA0597.2	MA0597.2.THAP1	VAV1_TGTTAT	29	40	+	16.4242	5.65e-07	0.000101	GAGCAGGGCAGG
MA0597.2	MA0597.2.THAP1	VAV1_TGTCTG	29	40	+	16.4242	5.65e-07	0.000101	GAGCAGGGCAGG
MA0597.2	MA0597.2.THAP1	VAV1_TTCGAT	29	40	+	16.4242	5.65e-07	0.000101	GAGCAGGGCAGG
MA0597.2	MA0597.2.THAP1	VAV1_TTCCGA	29	40	+	16.4242	5.65e-07	0.000101	GAGCAGGGCAGG
MA0597.2	MA0597.2.THAP1	VAV1_TTACCA	29	40	+	16.4242	5.65e-07	0.000101	GAGCAGGGCAGG
MA0597.2	MA0597.2.THAP1	VAV1_TTCGCT	29	40	+	16.4242	5.65e-07	0.000101	GAGCAGGGCAGG
MA0597.2	MA0597.2.THAP1	VAV1_TGGAAT	29	40	+	16.4242	5.65e-07	0.000101	GAGCAGGGCAGG
MA0597.2	MA0597.2.THAP1	VAV1_TGCTAC	29	40	+	16.4242	5.65e-07	0.000101	GAGCAGGGCAGG
MA0597.2	MA0597.2.THAP1	VAV1_TGGAGA	29	40	+	16.4242	5.65e-07	0.000101	GAGCAGGGCAGG
MA0597.2	MA0597.2.THAP1	VAV1_TGTGCC	29	40	+	16.4242	5.65e-07	0.000101	GAGCAGGGCAGG
MA0597.2	MA0597.2.THAP1	VAV1_TGGTCC	29	40	+	16.4242	5.65e-07	0.000101	GAGCAGGGCAGG
MA0597.2	MA0597.2.THAP1	VAV1_TGGGAT	29	40	+	16.4242	5.65e-07	0.000101	GAGCAGGGCAGG
MA0597.2	MA0597.2.THAP1	VAV1_TGGGGC	29	40	+	16.4242	5.65e-07	0.000101	GAGCAGGGCAGG
MA0597.2	MA0597.2.THAP1	VAV1_TGTGCT	29	40	+	16.4242	5.65e-07	0.000101	GAGCAGGGCAGG
MA0597.2	MA0597.2.THAP1	VAV1_TTCGGG	29	40	+	16.4242	5.65e-07	0.000101	GAGCAGGGCAGG
MA0597.2	MA0597.2.THAP1	VAV1_TGGGTT	29	40	+	16.4242	5.65e-07	0.000101	GAGCAGGGCAGG
MA0597.2	MA0597.2.THAP1	VAV1_TTATTA	29	40	+	16.4242	5.65e-07	0.000101	GAGCAGGGCAGG
MA0597.2	MA0597.2.THAP1	VAV1_TTCTAT	29	40	+	16.4242	5.65e-07	0.000101	GAGCAGGGCAGG
MA0597.2	MA0597.2.THAP1	VAV1_TTCATC	29	40	+	16.4242	5.65e-07	0.000101	GAGCAGGGCAGG
MA0597.2	MA0597.2.THAP1	VAV1_TTGTAC	29	40	+	16.4242	5.65e-07	0.000101	GAGCAGGGCAGG
MA0597.2	MA0597.2.THAP1	VAV1_TTAAGC	29	40	+	16.4242	5.65e-07	0.000101	GAGCAGGGCAGG
MA0597.2	MA0597.2.THAP1	VAV1_TTGTCC	29	40	+	16.4242	5.65e-07	0.000101	GAGCAGGGCAGG
MA0597.2	MA0597.2.THAP1	VAV1_ACACCC	29	40	+	16.4242	5.65e-07	0.000101	GAGCAGGGCAGG
MA0597.2	MA0597.2.THAP1	VAV1_TTCATG	29	40	+	16.4242	5.65e-07	0.000101	GAGCAGGGCAGG
MA0597.2	MA0597.2.THAP1	VAV1_TTCCAG	29	40	+	16.4242	5.65e-07	0.000101	GAGCAGGGCAGG
MA0597.2	MA0597.2.THAP1	VAV1_TTCCTT	29	40	+	16.4242	5.65e-07	0.000101	GAGCAGGGCAGG
MA0597.2	MA0597.2.THAP1	VAV1_TTGGCG	29	40	+	16.4242	5.65e-07	0.000101	GAGCAGGGCAGG
MA0597.2	MA0597.2.THAP1	VAV1_TTAGAC	29	40	+	16.4242	5.65e-07	0.000101	GAGCAGGGCAGG
MA0597.2	MA0597.2.THAP1	VAV1_TTATAT	29	40	+	16.4242	5.65e-07	0.000101	GAGCAGGGCAGG
MA0597.2	MA0597.2.THAP1	VAV1_TGTTTC	29	40	+	16.4242	5.65e-07	0.000101	GAGCAGGGCAGG
MA0597.2	MA0597.2.THAP1	VAV1_TTAGAA	29	40	+	16.4242	5.65e-07	0.000101	GAGCAGGGCAGG
MA0597.2	MA0597.2.THAP1	VAV1_TTAGTC	29	40	+	16.4242	5.65e-07	0.000101	GAGCAGGGCAGG
MA0597.2	MA0597.2.THAP1	VAV1_TGGTTA	29	40	+	16.4242	5.65e-07	0.000101	GAGCAGGGCAGG
MA0597.2	MA0597.2.THAP1	VAV1_TGTTGC	29	40	+	16.4242	5.65e-07	0.000101	GAGCAGGGCAGG
MA0597.2	MA0597.2.THAP1	VAV1_TGTTTT	29	40	+	16.4242	5.65e-07	0.000101	GAGCAGGGCAGG
MA0597.2	MA0597.2.THAP1	VAV1_TGGCCG	29	40	+	16.4242	5.65e-07	0.000101	GAGCAGGGCAGG
MA0597.2	MA0597.2.THAP1	VAV1_TGGACT	29	40	+	16.4242	5.65e-07	0.000101	GAGCAGGGCAGG
MA0597.2	MA0597.2.THAP1	VAV1_TGCTGA	29	40	+	16.4242	5.65e-07	0.000101	GAGCAGGGCAGG
MA0597.2	MA0597.2.THAP1	VAV1_TGCCTT	29	40	+	16.4242	5.65e-07	0.000101	GAGCAGGGCAGG
MA0597.2	MA0597.2.THAP1	VAV1_TGGCGA	29	40	+	16.4242	5.65e-07	0.000101	GAGCAGGGCAGG
MA0597.2	MA0597.2.THAP1	VAV1_CGTGTC	29	40	+	16.4242	5.65e-07	0.000101	GAGCAGGGCAGG
MA0597.2	MA0597.2.THAP1	VAV1_CGTTCA	29	40	+	16.4242	5.65e-07	0.000101	GAGCAGGGCAGG
MA0597.2	MA0597.2.THAP1	VAV1_TGCTAT	29	40	+	16.4242	5.65e-07	0.000101	GAGCAGGGCAGG
MA0597.2	MA0597.2.THAP1	VAV1_TGCGGA	29	40	+	16.4242	5.65e-07	0.000101	GAGCAGGGCAGG
MA0597.2	MA0597.2.THAP1	VAV1_TGTAGC	29	40	+	16.4242	5.65e-07	0.000101	GAGCAGGGCAGG
MA0597.2	MA0597.2.THAP1	VAV1_CTTAGA	29	40	+	16.4242	5.65e-07	0.000101	GAGCAGGGCAGG
MA0597.2	MA0597.2.THAP1	VAV1_CTTTGA	29	40	+	16.4242	5.65e-07	0.000101	GAGCAGGGCAGG
MA0597.2	MA0597.2.THAP1	VAV1_TTTATT	29	40	+	16.4242	5.65e-07	0.000101	GAGCAGGGCAGG
MA0597.2	MA0597.2.THAP1	VAV1_ATGGAT	29	40	+	16.4242	5.65e-07	0.000101	GAGCAGGGCAGG
MA0597.2	MA0597.2.THAP1	VAV1_TTTGCT	29	40	+	16.4242	5.65e-07	0.000101	GAGCAGGGCAGG
MA0597.2	MA0597.2.THAP1	VAV1_TTGGGT	29	40	+	16.4242	5.65e-07	0.000101	GAGCAGGGCAGG
MA0597.2	MA0597.2.THAP1	VAV1_GAAATC	29	40	+	16.4242	5.65e-07	0.000101	GAGCAGGGCAGG
MA0597.2	MA0597.2.THAP1	VAV1_TTTATA	29	40	+	16.4242	5.65e-07	0.000101	GAGCAGGGCAGG
MA0597.2	MA0597.2.THAP1	VAV1_CTTATG	29	40	+	16.4242	5.65e-07	0.000101	GAGCAGGGCAGG
MA0597.2	MA0597.2.THAP1	VAV1_ATGCCC	29	40	+	16.4242	5.65e-07	0.000101	GAGCAGGGCAGG
MA0597.2	MA0597.2.THAP1	VAV1_GAACGT	29	40	+	16.4242	5.65e-07	0.000101	GAGCAGGGCAGG
MA0597.2	MA0597.2.THAP1	VAV1_TTTGTA	29	40	+	16.4242	5.65e-07	0.000101	GAGCAGGGCAGG
MA0597.2	MA0597.2.THAP1	VAV1_TTCCGT	29	40	+	16.4242	5.65e-07	0.000101	GAGCAGGGCAGG
MA0597.2	MA0597.2.THAP1	VAV1_TTCGTA	29	40	+	16.4242	5.65e-07	0.000101	GAGCAGGGCAGG
MA0597.2	MA0597.2.THAP1	VAV1_TTGCAG	29	40	+	16.4242	5.65e-07	0.000101	GAGCAGGGCAGG
MA0597.2	MA0597.2.THAP1	VAV1_TTGTCT	29	40	+	16.4242	5.65e-07	0.000101	GAGCAGGGCAGG
MA0597.2	MA0597.2.THAP1	VAV1_TTAAGG	29	40	+	16.4242	5.65e-07	0.000101	GAGCAGGGCAGG
MA0597.2	MA0597.2.THAP1	VAV1_TTATAC	29	40	+	16.4242	5.65e-07	0.000101	GAGCAGGGCAGG
MA0597.2	MA0597.2.THAP1	VAV1_TTGAAG	29	40	+	16.4242	5.65e-07	0.000101	GAGCAGGGCAGG
MA0597.2	MA0597.2.THAP1	VAV1_ATGATA	29	40	+	16.4242	5.65e-07	0.000101	GAGCAGGGCAGG
MA0597.2	MA0597.2.THAP1	VAV1_TTTCGG	29	40	+	16.4242	5.65e-07	0.000101	GAGCAGGGCAGG
MA0597.2	MA0597.2.THAP1	VAV1_TTGTCA	29	40	+	16.4242	5.65e-07	0.000101	GAGCAGGGCAGG
MA0597.2	MA0597.2.THAP1	VAV1_GAATAT	29	40	+	16.4242	5.65e-07	0.000101	GAGCAGGGCAGG
MA0597.2	MA0597.2.THAP1	VAV1_ACCGTC	29	40	+	16.4242	5.65e-07	0.000101	GAGCAGGGCAGG
MA0597.2	MA0597.2.THAP1	VAV1_CTTGGA	29	40	+	16.4242	5.65e-07	0.000101	GAGCAGGGCAGG
MA0597.2	MA0597.2.THAP1	VAV1_GAAAAT	29	40	+	16.4242	5.65e-07	0.000101	GAGCAGGGCAGG
MA0597.2	MA0597.2.THAP1	VAV1_CTTTGG	29	40	+	16.4242	5.65e-07	0.000101	GAGCAGGGCAGG
MA0597.2	MA0597.2.THAP1	VAV1_GAAATT	29	40	+	16.4242	5.65e-07	0.000101	GAGCAGGGCAGG
MA0597.2	MA0597.2.THAP1	VAV1_TTGTTC	29	40	+	16.4242	5.65e-07	0.000101	GAGCAGGGCAGG
MA0597.2	MA0597.2.THAP1	VAV1_TTAAGA	29	40	+	16.4242	5.65e-07	0.000101	GAGCAGGGCAGG
MA0597.2	MA0597.2.THAP1	VAV1_CTTCTG	29	40	+	16.4242	5.65e-07	0.000101	GAGCAGGGCAGG
MA0597.2	MA0597.2.THAP1	VAV1_CTTTTC	29	40	+	16.4242	5.65e-07	0.000101	GAGCAGGGCAGG
MA0597.2	MA0597.2.THAP1	VAV1_TTTGAA	29	40	+	16.4242	5.65e-07	0.000101	GAGCAGGGCAGG
MA0597.2	MA0597.2.THAP1	VAV1_CGTGGT	29	40	+	16.4242	5.65e-07	0.000101	GAGCAGGGCAGG
MA0597.2	MA0597.2.THAP1	VAV1_TGCATT	29	40	+	16.4242	5.65e-07	0.000101	GAGCAGGGCAGG
MA0597.2	MA0597.2.THAP1	VAV1_TGCTAG	29	40	+	16.4242	5.65e-07	0.000101	GAGCAGGGCAGG
MA0597.2	MA0597.2.THAP1	VAV1_TGTGCA	29	40	+	16.4242	5.65e-07	0.000101	GAGCAGGGCAGG
MA0597.2	MA0597.2.THAP1	VAV1_TGTTAC	29	40	+	16.4242	5.65e-07	0.000101	GAGCAGGGCAGG
MA0597.2	MA0597.2.THAP1	VAV1_TGTAGA	29	40	+	16.4242	5.65e-07	0.000101	GAGCAGGGCAGG
MA0597.2	MA0597.2.THAP1	VAV1_TTCATA	29	40	+	16.4242	5.65e-07	0.000101	GAGCAGGGCAGG
MA0597.2	MA0597.2.THAP1	VAV1_TTCAAT	29	40	+	16.4242	5.65e-07	0.000101	GAGCAGGGCAGG
MA0597.2	MA0597.2.THAP1	VAV1_TGTTGT	29	40	+	16.4242	5.65e-07	0.000101	GAGCAGGGCAGG
MA0597.2	MA0597.2.THAP1	VAV1_TTATAA	29	40	+	16.4242	5.65e-07	0.000101	GAGCAGGGCAGG
MA0597.2	MA0597.2.THAP1	VAV1_TTGCTT	29	40	+	16.4242	5.65e-07	0.000101	GAGCAGGGCAGG
MA0597.2	MA0597.2.THAP1	VAV1_TTTCAG	29	40	+	16.4242	5.65e-07	0.000101	GAGCAGGGCAGG
MA0597.2	MA0597.2.THAP1	VAV1_TTCTTT	29	40	+	16.4242	5.65e-07	0.000101	GAGCAGGGCAGG
MA0597.2	MA0597.2.THAP1	VAV1_TTATCC	29	40	+	16.4242	5.65e-07	0.000101	GAGCAGGGCAGG
MA0597.2	MA0597.2.THAP1	VAV1_TTACAG	29	40	+	16.4242	5.65e-07	0.000101	GAGCAGGGCAGG
MA0597.2	MA0597.2.THAP1	VAV1_TTCGCA	29	40	+	16.4242	5.65e-07	0.000101	GAGCAGGGCAGG
MA0597.2	MA0597.2.THAP1	VAV1_TTAATA	29	40	+	16.4242	5.65e-07	0.000101	GAGCAGGGCAGG
MA0597.2	MA0597.2.THAP1	VAV1_TTACTG	29	40	+	16.4242	5.65e-07	0.000101	GAGCAGGGCAGG
MA0597.2	MA0597.2.THAP1	VAV1_ATGGGG	29	40	+	16.4242	5.65e-07	0.000101	GAGCAGGGCAGG
MA0597.2	MA0597.2.THAP1	VAV1_CTTTGC	29	40	+	16.4242	5.65e-07	0.000101	GAGCAGGGCAGG
MA0597.2	MA0597.2.THAP1	VAV1_TTGCTG	29	40	+	16.4242	5.65e-07	0.000101	GAGCAGGGCAGG
MA0597.2	MA0597.2.THAP1	VAV1_TTCAGT	29	40	+	16.4242	5.65e-07	0.000101	GAGCAGGGCAGG
MA0597.2	MA0597.2.THAP1	VAV1_TGTATG	29	40	+	16.4242	5.65e-07	0.000101	GAGCAGGGCAGG
MA0597.2	MA0597.2.THAP1	VAV1_TTTTAA	29	40	+	16.4242	5.65e-07	0.000101	GAGCAGGGCAGG
MA0597.2	MA0597.2.THAP1	VAV1_TTTTTA	29	40	+	16.4242	5.65e-07	0.000101	GAGCAGGGCAGG
MA0597.2	MA0597.2.THAP1	VAV1_ATGCGG	29	40	+	16.4242	5.65e-07	0.000101	GAGCAGGGCAGG
MA0597.2	MA0597.2.THAP1	VAV1_TTGTTA	29	40	+	16.4242	5.65e-07	0.000101	GAGCAGGGCAGG
MA0597.2	MA0597.2.THAP1	VAV1_ATGACA	29	40	+	16.4242	5.65e-07	0.000101	GAGCAGGGCAGG
MA0597.2	MA0597.2.THAP1	VAV1_AACAAC	29	40	+	16.4242	5.65e-07	0.000101	GAGCAGGGCAGG
MA0597.2	MA0597.2.THAP1	VAV1_TGTTCC	29	40	+	16.4242	5.65e-07	0.000101	GAGCAGGGCAGG
MA0597.2	MA0597.2.THAP1	VAV1_TTAGTT	29	40	+	16.4242	5.65e-07	0.000101	GAGCAGGGCAGG
MA0597.2	MA0597.2.THAP1	VAV1_TTTTTT	29	40	+	16.4242	5.65e-07	0.000101	GAGCAGGGCAGG
MA0597.2	MA0597.2.THAP1	VAV1_ATCTTC	29	40	+	16.4242	5.65e-07	0.000101	GAGCAGGGCAGG
MA0597.2	MA0597.2.THAP1	VAV1_TTGACG	29	40	+	16.4242	5.65e-07	0.000101	GAGCAGGGCAGG
MA0597.2	MA0597.2.THAP1	VAV1_ATGGTG	29	40	+	16.4242	5.65e-07	0.000101	GAGCAGGGCAGG
MA0597.2	MA0597.2.THAP1	VAV1_CTTCCG	29	40	+	16.4242	5.65e-07	0.000101	GAGCAGGGCAGG
MA0597.2	MA0597.2.THAP1	VAV1_CTTTAT	29	40	+	16.4242	5.65e-07	0.000101	GAGCAGGGCAGG
MA0597.2	MA0597.2.THAP1	VAV1_CTTCCA	29	40	+	16.4242	5.65e-07	0.000101	GAGCAGGGCAGG
MA0597.2	MA0597.2.THAP1	VAV1_CTTGAC	29	40	+	16.4242	5.65e-07	0.000101	GAGCAGGGCAGG
MA0597.2	MA0597.2.THAP1	VAV1_TTGACT	29	40	+	16.4242	5.65e-07	0.000101	GAGCAGGGCAGG
MA0597.2	MA0597.2.THAP1	VAV1_GAAGAA	29	40	+	16.4242	5.65e-07	0.000101	GAGCAGGGCAGG
MA0597.2	MA0597.2.THAP1	VAV1_TTCACT	29	40	+	16.4242	5.65e-07	0.000101	GAGCAGGGCAGG
MA0597.2	MA0597.2.THAP1	VAV1_TTAGGG	29	40	+	16.4242	5.65e-07	0.000101	GAGCAGGGCAGG
MA0597.2	MA0597.2.THAP1	VAV1_TTTCCT	29	40	+	16.4242	5.65e-07	0.000101	GAGCAGGGCAGG
MA0597.2	MA0597.2.THAP1	VAV1_CTTACA	29	40	+	16.4242	5.65e-07	0.000101	GAGCAGGGCAGG
MA0597.2	MA0597.2.THAP1	VAV1_TTACCG	29	40	+	16.4242	5.65e-07	0.000101	GAGCAGGGCAGG
MA0597.2	MA0597.2.THAP1	VAV1_TTGTGT	29	40	+	16.4242	5.65e-07	0.000101	GAGCAGGGCAGG
MA0597.2	MA0597.2.THAP1	VAV1_TTAATG	29	40	+	16.4242	5.65e-07	0.000101	GAGCAGGGCAGG
MA0597.2	MA0597.2.THAP1	VAV1_TTTTGG	29	40	+	16.4242	5.65e-07	0.000101	GAGCAGGGCAGG
MA0597.2	MA0597.2.THAP1	VAV1_TGTACA	29	40	+	16.4242	5.65e-07	0.000101	GAGCAGGGCAGG
MA0597.2	MA0597.2.THAP1	VAV1_TGTATC	29	40	+	16.4242	5.65e-07	0.000101	GAGCAGGGCAGG
MA0597.2	MA0597.2.THAP1	VAV1_TGTACC	29	40	+	16.4242	5.65e-07	0.000101	GAGCAGGGCAGG
MA0597.2	MA0597.2.THAP1	VAV1_TTCCAA	29	40	+	16.4242	5.65e-07	0.000101	GAGCAGGGCAGG
MA0597.2	MA0597.2.THAP1	VAV1_TTATGC	29	40	+	16.4242	5.65e-07	0.000101	GAGCAGGGCAGG
MA0597.2	MA0597.2.THAP1	VAV1_CTTTTG	29	40	+	16.4242	5.65e-07	0.000101	GAGCAGGGCAGG
MA0597.2	MA0597.2.THAP1	VAV1_TTTTAG	29	40	+	16.4242	5.65e-07	0.000101	GAGCAGGGCAGG
MA0597.2	MA0597.2.THAP1	VAV1_TTTGTG	29	40	+	16.4242	5.65e-07	0.000101	GAGCAGGGCAGG
MA0597.2	MA0597.2.THAP1	VAV1_AAAAGC	29	40	+	16.4242	5.65e-07	0.000101	GAGCAGGGCAGG
MA0597.2	MA0597.2.THAP1	VAV1_AAAAGG	29	40	+	16.4242	5.65e-07	0.000101	GAGCAGGGCAGG
MA0597.2	MA0597.2.THAP1	VAV1_GAAGCT	29	40	+	16.4242	5.65e-07	0.000101	GAGCAGGGCAGG
MA0597.2	MA0597.2.THAP1	VAV1_CTTATT	29	40	+	16.4242	5.65e-07	0.000101	GAGCAGGGCAGG
MA0597.2	MA0597.2.THAP1	VAV1_AAAATC	29	40	+	16.4242	5.65e-07	0.000101	GAGCAGGGCAGG
MA0597.2	MA0597.2.THAP1	VAV1_AAAATG	29	40	+	16.4242	5.65e-07	0.000101	GAGCAGGGCAGG
MA0597.2	MA0597.2.THAP1	VAV1_TTTCTA	29	40	+	16.4242	5.65e-07	0.000101	GAGCAGGGCAGG
MA0597.2	MA0597.2.THAP1	VAV1_GAAGGC	29	40	+	16.4242	5.65e-07	0.000101	GAGCAGGGCAGG
MA0597.2	MA0597.2.THAP1	VAV1_AAACAC	29	40	+	16.4242	5.65e-07	0.000101	GAGCAGGGCAGG
MA0597.2	MA0597.2.THAP1	VAV1_AAACAG	29	40	+	16.4242	5.65e-07	0.000101	GAGCAGGGCAGG
MA0597.2	MA0597.2.THAP1	VAV1_TTTCTC	29	40	+	16.4242	5.65e-07	0.000101	GAGCAGGGCAGG
MA0597.2	MA0597.2.THAP1	VAV1_TTTCCG	29	40	+	16.4242	5.65e-07	0.000101	GAGCAGGGCAGG
MA0597.2	MA0597.2.THAP1	VAV1_AAACCC	29	40	+	16.4242	5.65e-07	0.000101	GAGCAGGGCAGG
MA0597.2	MA0597.2.THAP1	VAV1_ATGCTA	29	40	+	16.4242	5.65e-07	0.000101	GAGCAGGGCAGG
MA0597.2	MA0597.2.THAP1	VAV1_ATAACA	29	40	+	16.4242	5.65e-07	0.000101	GAGCAGGGCAGG
MA0597.2	MA0597.2.THAP1	VAV1_AAACCT	29	40	+	16.4242	5.65e-07	0.000101	GAGCAGGGCAGG
MA0597.2	MA0597.2.THAP1	VAV1_TTAACA	29	40	+	16.4242	5.65e-07	0.000101	GAGCAGGGCAGG
MA0597.2	MA0597.2.THAP1	VAV1_ATGGTA	29	40	+	16.4242	5.65e-07	0.000101	GAGCAGGGCAGG
MA0597.2	MA0597.2.THAP1	VAV1_AAACGT	29	40	+	16.4242	5.65e-07	0.000101	GAGCAGGGCAGG
MA0597.2	MA0597.2.THAP1	VAV1_TTCTTG	29	40	+	16.4242	5.65e-07	0.000101	GAGCAGGGCAGG
MA0597.2	MA0597.2.THAP1	VAV1_TTGATT	29	40	+	16.4242	5.65e-07	0.000101	GAGCAGGGCAGG
MA0597.2	MA0597.2.THAP1	VAV1_AAACTG	29	40	+	16.4242	5.65e-07	0.000101	GAGCAGGGCAGG
MA0597.2	MA0597.2.THAP1	VAV1_AAACTT	29	40	+	16.4242	5.65e-07	0.000101	GAGCAGGGCAGG
MA0597.2	MA0597.2.THAP1	VAV1_AACAAG	29	40	+	16.4242	5.65e-07	0.000101	GAGCAGGGCAGG
MA0597.2	MA0597.2.THAP1	VAV1_CTTAGG	29	40	+	16.4242	5.65e-07	0.000101	GAGCAGGGCAGG
MA0597.2	MA0597.2.THAP1	VAV1_AAAGAG	29	40	+	16.4242	5.65e-07	0.000101	GAGCAGGGCAGG
MA0597.2	MA0597.2.THAP1	VAV1_AAAGAT	29	40	+	16.4242	5.65e-07	0.000101	GAGCAGGGCAGG
MA0597.2	MA0597.2.THAP1	VAV1_TTAGGC	29	40	+	16.4242	5.65e-07	0.000101	GAGCAGGGCAGG
MA0597.2	MA0597.2.THAP1	VAV1_AAAGCC	29	40	+	16.4242	5.65e-07	0.000101	GAGCAGGGCAGG
MA0597.2	MA0597.2.THAP1	VAV1_AAAGCG	29	40	+	16.4242	5.65e-07	0.000101	GAGCAGGGCAGG
MA0597.2	MA0597.2.THAP1	VAV1_AAAGCT	29	40	+	16.4242	5.65e-07	0.000101	GAGCAGGGCAGG
MA0597.2	MA0597.2.THAP1	VAV1_TTGTAG	29	40	+	16.4242	5.65e-07	0.000101	GAGCAGGGCAGG
MA0597.2	MA0597.2.THAP1	VAV1_ACCATG	29	40	+	16.4242	5.65e-07	0.000101	GAGCAGGGCAGG
MA0597.2	MA0597.2.THAP1	VAV1_AAAGGG	29	40	+	16.4242	5.65e-07	0.000101	GAGCAGGGCAGG
MA0597.2	MA0597.2.THAP1	VAV1_AAAGGT	29	40	+	16.4242	5.65e-07	0.000101	GAGCAGGGCAGG
MA0597.2	MA0597.2.THAP1	VAV1_TTCACC	29	40	+	16.4242	5.65e-07	0.000101	GAGCAGGGCAGG
MA0597.2	MA0597.2.THAP1	VAV1_GAATAA	29	40	+	16.4242	5.65e-07	0.000101	GAGCAGGGCAGG
MA0597.2	MA0597.2.THAP1	VAV1_ATCTGA	29	40	+	16.4242	5.65e-07	0.000101	GAGCAGGGCAGG
MA0597.2	MA0597.2.THAP1	VAV1_AAAGTT	29	40	+	16.4242	5.65e-07	0.000101	GAGCAGGGCAGG
MA0597.2	MA0597.2.THAP1	VAV1_AAATAA	29	40	+	16.4242	5.65e-07	0.000101	GAGCAGGGCAGG
MA0597.2	MA0597.2.THAP1	VAV1_TTCAGC	29	40	+	16.4242	5.65e-07	0.000101	GAGCAGGGCAGG
MA0597.2	MA0597.2.THAP1	VAV1_AAATAG	29	40	+	16.4242	5.65e-07	0.000101	GAGCAGGGCAGG
MA0597.2	MA0597.2.THAP1	VAV1_AAATAT	29	40	+	16.4242	5.65e-07	0.000101	GAGCAGGGCAGG
MA0597.2	MA0597.2.THAP1	VAV1_CTAATC	29	40	+	16.4242	5.65e-07	0.000101	GAGCAGGGCAGG
MA0597.2	MA0597.2.THAP1	VAV1_TGGTAA	29	40	+	16.4242	5.65e-07	0.000101	GAGCAGGGCAGG
MA0597.2	MA0597.2.THAP1	VAV1_TGGCCC	29	40	+	16.4242	5.65e-07	0.000101	GAGCAGGGCAGG
MA0597.2	MA0597.2.THAP1	VAV1_TGGGAG	29	40	+	16.4242	5.65e-07	0.000101	GAGCAGGGCAGG
MA0597.2	MA0597.2.THAP1	VAV1_TGCTTC	29	40	+	16.4242	5.65e-07	0.000101	GAGCAGGGCAGG
MA0597.2	MA0597.2.THAP1	VAV1_TGGAAA	29	40	+	16.4242	5.65e-07	0.000101	GAGCAGGGCAGG
MA0597.2	MA0597.2.THAP1	VAV1_TGGAAG	29	40	+	16.4242	5.65e-07	0.000101	GAGCAGGGCAGG
MA0597.2	MA0597.2.THAP1	VAV1_TGGGAA	29	40	+	16.4242	5.65e-07	0.000101	GAGCAGGGCAGG
MA0597.2	MA0597.2.THAP1	VAV1_TGGTTG	29	40	+	16.4242	5.65e-07	0.000101	GAGCAGGGCAGG
MA0597.2	MA0597.2.THAP1	VAV1_TGCCTG	29	40	+	16.4242	5.65e-07	0.000101	GAGCAGGGCAGG
MA0597.2	MA0597.2.THAP1	VAV1_TGCGAT	29	40	+	16.4242	5.65e-07	0.000101	GAGCAGGGCAGG
MA0597.2	MA0597.2.THAP1	VAV1_TGCGTG	29	40	+	16.4242	5.65e-07	0.000101	GAGCAGGGCAGG
MA0597.2	MA0597.2.THAP1	VAV1_TGCGTT	29	40	+	16.4242	5.65e-07	0.000101	GAGCAGGGCAGG
MA0597.2	MA0597.2.THAP1	VAV1_TGTTAA	29	40	+	16.4242	5.65e-07	0.000101	GAGCAGGGCAGG
MA0597.2	MA0597.2.THAP1	VAV1_TGCTGG	29	40	+	16.4242	5.65e-07	0.000101	GAGCAGGGCAGG
MA0597.2	MA0597.2.THAP1	VAV1_TGGAGC	29	40	+	16.4242	5.65e-07	0.000101	GAGCAGGGCAGG
MA0597.2	MA0597.2.THAP1	VAV1_TGGACG	29	40	+	16.4242	5.65e-07	0.000101	GAGCAGGGCAGG
MA0597.2	MA0597.2.THAP1	VAV1_TGTATA	29	40	+	16.4242	5.65e-07	0.000101	GAGCAGGGCAGG
MA0597.2	MA0597.2.THAP1	VAV1_TTATCG	29	40	+	16.4242	5.65e-07	0.000101	GAGCAGGGCAGG
MA0597.2	MA0597.2.THAP1	VAV1_ATGGAG	29	40	+	16.4242	5.65e-07	0.000101	GAGCAGGGCAGG
MA0597.2	MA0597.2.THAP1	VAV1_AACAGA	29	40	+	16.4242	5.65e-07	0.000101	GAGCAGGGCAGG
MA0597.2	MA0597.2.THAP1	VAV1_AACAGC	29	40	+	16.4242	5.65e-07	0.000101	GAGCAGGGCAGG
MA0597.2	MA0597.2.THAP1	VAV1_GAACAA	29	40	+	16.4242	5.65e-07	0.000101	GAGCAGGGCAGG
MA0597.2	MA0597.2.THAP1	VAV1_AACAGG	29	40	+	16.4242	5.65e-07	0.000101	GAGCAGGGCAGG
MA0597.2	MA0597.2.THAP1	VAV1_AACAGT	29	40	+	16.4242	5.65e-07	0.000101	GAGCAGGGCAGG
MA0597.2	MA0597.2.THAP1	VAV1_AACATA	29	40	+	16.4242	5.65e-07	0.000101	GAGCAGGGCAGG
MA0597.2	MA0597.2.THAP1	VAV1_GAATTC	29	40	+	16.4242	5.65e-07	0.000101	GAGCAGGGCAGG
MA0597.2	MA0597.2.THAP1	VAV1_AACATG	29	40	+	16.4242	5.65e-07	0.000101	GAGCAGGGCAGG
MA0597.2	MA0597.2.THAP1	VAV1_AACATT	29	40	+	16.4242	5.65e-07	0.000101	GAGCAGGGCAGG
MA0597.2	MA0597.2.THAP1	VAV1_AACCAA	29	40	+	16.4242	5.65e-07	0.000101	GAGCAGGGCAGG
MA0597.2	MA0597.2.THAP1	VAV1_AAATCG	29	40	+	16.4242	5.65e-07	0.000101	GAGCAGGGCAGG
MA0597.2	MA0597.2.THAP1	VAV1_AACCAG	29	40	+	16.4242	5.65e-07	0.000101	GAGCAGGGCAGG
MA0597.2	MA0597.2.THAP1	VAV1_AACCAT	29	40	+	16.4242	5.65e-07	0.000101	GAGCAGGGCAGG
MA0597.2	MA0597.2.THAP1	VAV1_AACCCA	29	40	+	16.4242	5.65e-07	0.000101	GAGCAGGGCAGG
MA0597.2	MA0597.2.THAP1	VAV1_AACCCC	29	40	+	16.4242	5.65e-07	0.000101	GAGCAGGGCAGG
MA0597.2	MA0597.2.THAP1	VAV1_AACCCG	29	40	+	16.4242	5.65e-07	0.000101	GAGCAGGGCAGG
MA0597.2	MA0597.2.THAP1	VAV1_AACCCT	29	40	+	16.4242	5.65e-07	0.000101	GAGCAGGGCAGG
MA0597.2	MA0597.2.THAP1	VAV1_AACCGA	29	40	+	16.4242	5.65e-07	0.000101	GAGCAGGGCAGG
MA0597.2	MA0597.2.THAP1	VAV1_AACCGC	29	40	+	16.4242	5.65e-07	0.000101	GAGCAGGGCAGG
MA0597.2	MA0597.2.THAP1	VAV1_AACCGG	29	40	+	16.4242	5.65e-07	0.000101	GAGCAGGGCAGG
MA0597.2	MA0597.2.THAP1	VAV1_AACCGT	29	40	+	16.4242	5.65e-07	0.000101	GAGCAGGGCAGG
MA0597.2	MA0597.2.THAP1	VAV1_AACCTA	29	40	+	16.4242	5.65e-07	0.000101	GAGCAGGGCAGG
MA0597.2	MA0597.2.THAP1	VAV1_CTTTAC	29	40	+	16.4242	5.65e-07	0.000101	GAGCAGGGCAGG
MA0597.2	MA0597.2.THAP1	VAV1_ATGCTC	29	40	+	16.4242	5.65e-07	0.000101	GAGCAGGGCAGG
MA0597.2	MA0597.2.THAP1	VAV1_AACCTT	29	40	+	16.4242	5.65e-07	0.000101	GAGCAGGGCAGG
MA0597.2	MA0597.2.THAP1	VAV1_AACGAA	29	40	+	16.4242	5.65e-07	0.000101	GAGCAGGGCAGG
MA0597.2	MA0597.2.THAP1	VAV1_AACGAC	29	40	+	16.4242	5.65e-07	0.000101	GAGCAGGGCAGG
MA0597.2	MA0597.2.THAP1	VAV1_AACGAG	29	40	+	16.4242	5.65e-07	0.000101	GAGCAGGGCAGG
MA0597.2	MA0597.2.THAP1	VAV1_AACGAT	29	40	+	16.4242	5.65e-07	0.000101	GAGCAGGGCAGG
MA0597.2	MA0597.2.THAP1	VAV1_TTTAGG	29	40	+	16.4242	5.65e-07	0.000101	GAGCAGGGCAGG
MA0597.2	MA0597.2.THAP1	VAV1_GAACTT	29	40	+	16.4242	5.65e-07	0.000101	GAGCAGGGCAGG
MA0597.2	MA0597.2.THAP1	VAV1_TTCACA	29	40	+	16.4242	5.65e-07	0.000101	GAGCAGGGCAGG
MA0597.2	MA0597.2.THAP1	VAV1_TTACTA	29	40	+	16.4242	5.65e-07	0.000101	GAGCAGGGCAGG
MA0597.2	MA0597.2.THAP1	VAV1_TTGAGA	29	40	+	16.4242	5.65e-07	0.000101	GAGCAGGGCAGG
MA0597.2	MA0597.2.THAP1	VAV1_AACGGC	29	40	+	16.4242	5.65e-07	0.000101	GAGCAGGGCAGG
MA0597.2	MA0597.2.THAP1	VAV1_TTTGAG	29	40	+	16.4242	5.65e-07	0.000101	GAGCAGGGCAGG
MA0597.2	MA0597.2.THAP1	VAV1_AACGGT	29	40	+	16.4242	5.65e-07	0.000101	GAGCAGGGCAGG
MA0597.2	MA0597.2.THAP1	VAV1_AACGTA	29	40	+	16.4242	5.65e-07	0.000101	GAGCAGGGCAGG
MA0597.2	MA0597.2.THAP1	VAV1_AACGTC	29	40	+	16.4242	5.65e-07	0.000101	GAGCAGGGCAGG
MA0597.2	MA0597.2.THAP1	VAV1_AACGTG	29	40	+	16.4242	5.65e-07	0.000101	GAGCAGGGCAGG
MA0597.2	MA0597.2.THAP1	VAV1_CTTCCT	29	40	+	16.4242	5.65e-07	0.000101	GAGCAGGGCAGG
MA0597.2	MA0597.2.THAP1	VAV1_AACTAA	29	40	+	16.4242	5.65e-07	0.000101	GAGCAGGGCAGG
MA0597.2	MA0597.2.THAP1	VAV1_CTTCTT	29	40	+	16.4242	5.65e-07	0.000101	GAGCAGGGCAGG
MA0597.2	MA0597.2.THAP1	VAV1_AACTAG	29	40	+	16.4242	5.65e-07	0.000101	GAGCAGGGCAGG
MA0597.2	MA0597.2.THAP1	VAV1_AACTAT	29	40	+	16.4242	5.65e-07	0.000101	GAGCAGGGCAGG
MA0597.2	MA0597.2.THAP1	VAV1_AACTCA	29	40	+	16.4242	5.65e-07	0.000101	GAGCAGGGCAGG
MA0597.2	MA0597.2.THAP1	VAV1_AACTCC	29	40	+	16.4242	5.65e-07	0.000101	GAGCAGGGCAGG
MA0597.2	MA0597.2.THAP1	VAV1_AACTCG	29	40	+	16.4242	5.65e-07	0.000101	GAGCAGGGCAGG
